Model,Distance Range,R²,MAE,Count
Random Forest,0-1km,0.0,0.007556675062972292,397
Random Forest,1-2km,-0.38585830126173537,2.5897144454552743,891
Random Forest,2-3km,0.5225363115482604,3.6042775683608044,1921
Random Forest,3-4km,0.7714349220518435,6.3783859583866915,2679
Random Forest,4-5km,0.8290034689466697,7.4637866962533606,3112
