Model,SF,R²,MAE,Count
Random Forest,7,0.9865133750673,0.5371630949170073,1517
Random Forest,8,0.9793115321334842,0.9670245564011218,1485
Random Forest,9,0.9326859885246864,1.8329052751629096,1517
Random Forest,10,0.7321720115649847,4.325387498046412,1481
Random Forest,11,0.19375412820285431,9.027948377801884,1494
Random Forest,12,-0.11452581244795357,16.35071315821415,1506
