Model,SF,R²,MAE,Count
LightGBM,7,0.9891638823013756,0.6594787729360558,1517
LightGBM,8,0.9797398912705455,1.048666949817356,1485
LightGBM,9,0.9363362415117721,1.9985153160198141,1517
LightGBM,10,0.7778278683438877,4.174810495789827,1481
LightGBM,11,0.30675537645635265,8.835664612197307,1494
LightGBM,12,0.004188758162041117,16.37779412858395,1506
