Model,R²,MAE,RMSE,MAPE,Explained Variance,Max Error,Mean Error,Std Error
Random Forest,0.8197849672707728,5.505472551220017,17.90726859349494,1.1861217972389176e+18,0.819816809903924,100.0,0.23803363400234628,17.905686484149495
LightGBM,0.8415612207550173,5.515309187328863,16.790536917003916,1.252091590169607e+18,0.8415619252010004,100.93634401311935,-0.03540443667781018,16.790499590159158
