Model,Distance Range,R²,MAE,Count
LightGBM,0-1km,0.0,0.19767870535975282,397
LightGBM,1-2km,-0.035300124138342825,2.3556735434910836,891
LightGBM,2-3km,0.5557715375080488,3.746064826912375,1921
LightGBM,3-4km,0.8032335276154399,6.279863641160301,2679
LightGBM,4-5km,0.8472408644519791,7.532279526193533,3112
